product,process_id,bom_id
000IABW053,000IA114,IA000039
0008WPRT001,0008WPRT001,8W000A01
000IABW072,000IA143,IA000060
000IABW108,000IA220,IA000097
020YUNI128,020YU001,YU020603
012Y1NI048,012Y1002,Y1012604
020YUNI154,020YU006,YU020611
020YUNI163,020YU001,YU020603
000IABW045,000IA089,IA000031
012Y1NI055,012Y1002,Y1012604
012Y3NI160,012Y3002,Y3012603
008OKNI067,008OK001,OK008601
008OKNI075,008OK001,OK008601
000IABW020,000IA040,IA000015
008OKNI036,008OK001,OK008601
012Y1NI059,012Y1002,Y1012604
012Y3NI167,012Y3001,Y3012604
020YUNI226,020YU002,YU020604
020YUNI238,020YU001,YU020603
020YUNI145,020YU002,YU020604
020YUNI246,020YU002,YU020604
020YUNI221,020YU002,YU020604
020YUNI256,020YU002,YU020604
020YUNI265,020YU001,YU020603
000IABW031,000IA034,IA000015
014OLNI031,014OL001,OL014602
008OKNI087,008OK001,OK008601
020YUNI125,020YU002,YU020604
0008WNV501,0008WA401,8W000A01
000IABW032,000IA033,IA000013
012Y3NI169,012Y3002,Y3012603
000IABW015,000IA039,IA000017
020YUNI185,020YU002,YU020604
0282JHQ034,0282J028,2J028035
020YUNI309,020YU002,YU020604
020YUNI295,020YU002,YU020604
020YUNI329,020YU002,YU020604
016OFNI045,016OF001,OF016604
014OLNI030,014OL001,OL014602
000IABW058,000IA058,IA000041
012Y3NI196,012Y3002,Y3012603
020YUNI232,020YU001,YU020603
345XTNV066,345XT046,XT345068
000IABW144,000IA333,IA000158
020YUNI345,020YU002,YU020604
000SNV295,0086A137,6A008190
000IACM233ENG,000IAE22ENG,IA000E14
0008WDAE001,0008WDAE001,8W000A01
0008WDAF001,0008WDAF001,8W000A01
0008WSMT001,0008WSMT001,8W000A01
0008WLAS001,0008WLAS001,8W000A01
0008WPRT005,0008WPRT001,8W000A01
064MRAW028,064MR026,MR064035
020YUNI347,020YU002,YU020604
014OLNI038,014OL001,OL014602
345XTNV086,345XT065,XT345091
020YUNI107,020YU006,YU020611
008OKNI042,008OK001,OK008601
014OANI073,014OA002,OA014603
012Y1NI052,012Y1002,Y1012604
012Y3NI210,012Y3002,Y3012603
014OANI054,014OA002,OA014603
012Y3NI208,012Y3001,Y3012604
000IABW075,000IA149,IA000065
000IABW094,000IA193,IA000090
010YKNI057,010YK030,YK010633
012Y3NI198,012Y3002,Y3012603
000IABW052,000IA045,IA000018
020YUNI158,020YU006,YU020611
345XTNV076,345XT056,XT345078
000IABW040,000IA085,IA000025
012Y3NI120,012Y3001,Y3012604
016OFNI050,016OF001,OF016604
391KJXY002,391KJ002,KJ391004
008OKNI104,008OK001,OK008601
020YUNI360,020YU006,YU020611
020YUNI372,020YU006,YU020611
020YUNI333,020YU002,YU020604
000IAQR004,000IA281,IA000045
020YUNI383,020YU002,YU020604
0086ANV225,0086A188,6A008257
000IABW143,000IA325,IA000122
000IAQR012,000IA184,IA000087
020YUNI274,020YU002,YU020604
012Y3NI149,012Y3002,Y3012603
020YUNI396,020YU001,YU020603
000IAQR014,000IA203,IA000096
0086BEU017,0086B033,6B008041
020YUNI323,020YU001,YU020603
153XTNV148,153XT189,XT153245
016OFNI031,016OF004,OF016606
020YUNI313,020YU006,YU020611
0086ANV228,0086A172,6A008239
020YUNI117,020YU001,YU020603
012Y3NI157,012Y3001,Y3012604
000IABW074,000IA147,IA000064
020YUNI297,020YU002,YU020604
132X2NV229,132X2386,X2132456
012Y3NI132,012Y3001,Y3012604
0282JHQ035,0282J104,2J028036
014OLNI050,014OL001,OL014602
014OLNI057,014OL001,OL014602
012Y3NI179,012Y3002,Y3012603
345XTNV080,345XT059,XT345083
252X2EU002,252X2012,X2252015
0225HHQ006,0225H006,5H022006
012Y3NI151,012Y3001,Y3012604
012Y3NI139,012Y3002,Y3012603
008YKNI092,008YK046,YK008646
000IAQR007,000IA163,IA000075
153XTSS005,153XT136,XT153175
000IAXI002,000IA319,IA000150
008YMAB072,008YM164,YM008177
096ELAS043,096EL078,EL096086
084UCAS108,084UC208,CC084211
016D5AW011,016D5012,D5016027
056THAW029,056TH081,TH056181
200N7BU021,200N7027,N7200030
078EABU008,078EA008,EA078002
048TWMS059,048TW473,TW048473
020YUNI307,020YU002,YU020604
020YUNI415,020YU002,YU020604
020YUNI120,020YU002,YU020604
010YKNI054,010YK025,YK010630
012Y3NI137,012Y3002,Y3012603
012Y3NI134,012Y3002,Y3012603
012Y3NI218,012Y3002,Y3012603
008OKNI058,008OK001,OK008601
020YUNI314,020YU001,YU020603
020YUNI211,020YU002,YU020604
020YUNI139,020YU002,YU020604
008OKNI108,008OK001,OK008601
192X8QT002,192X8003,X8192005
024XJVG008,024XJ073,XJ024089
024XWAB007,024XW020,XW024026
024XWAB009,024XW022,XW024028
008YQAB124,008YQ221,YQ008253
008YQAB082,008YQ157,YQ008194
096ELAB057,096EL097,EL096105
162KEAS010,162KE038,KE162044
078EOAS006,078EO006,EO078006
048TPAW103,048TP199,TP048141
024MAAW023,024MA084,MA024054
024MAAW045,024MA091,MA024095
060NLBU005,060NL014,NL060013
060MVBU008,060MV007,MV060007
084XUBU007,084XU012,XU084013
096EFBU002,096EF039,EF096020
048MWBU004,048MW009,MW048010
048MWBU001,048MW001,MW048001
096EFBU001,096EF033,EF096033
072AFBW022,072AF132,AF072132
054MFCD003,054MF007,MF054007
0442JHQ029,0442J030,2J044037
0442JHQ038,0442J037,2J044048
078ENMS019,078EN019,EN078035
078ENMS020,078EN020,EN078036
014OLNI039,014OL001,OL014602
016OFNI032,016OF001,OF016604
020YUNI352,020YU002,YU020604
008OKNI093,008OK001,OK008601
008OKNI048,008OK001,OK008601
0086ANV224,0086A186,6A008255
048TRNV043,048TR042,TR048048
0086ANV208,0086A138,6A008191
0086ANV175,0086A150,6A008208
0086ANV210,0086A172,6A008239
048TVOK056,048TV269,TV048272
016D5OK004,016D5020,D5016063
000IAQR036,000IA289,IA000136
000IAQR040,000IA312,IA000106
153XTSS004,153XT134,XT153174
085UOST002,085UO002,UO085001
066TSTE002,066TS030,TS066033
048XVVE001,048XV001,XV048001
048XZVE007,048XZ008,XZ048017
008YDVE003,008YD064,YD008064
048TPVG012,048TP124,TP048157
008YQVG029,008YQ201,YQ008234
096ELYU001,096EL060,EL096067
0086AZA021,0086A121,6A008172
162KEAB004,162KE005,KE162005
008YQAB114,008YQ207,YQ008240
008YDAB031,008YD134,YD008155
024XJAB025,024XJ078,XJ024098
024MAAB118,024MA274,MA024290
008YQAB096,008YQ182,YQ008217
008YMAB068,008YM157,YM008169
096ELAB016,096EL021,EL096026
008YDAB027,008YD128,YD008150
008YBAB016,008YB031,YB008031
024MAAB031,024MA072,MA024072
024MAAB119,024MA277,MA024292
060EMAB004,060EM004,EM060004
048TWAB016,048TW404,TW048404
024XJAB023,024XJ071,XJ024086
096ELAS044,096EL079,EL096087
063NWAS035,063NW056,NW063066
008YQAS031,008YQ132,YQ008166
008DRAS016,008DR055,DR008075
008YQAS021,008YQ096,YQ008114
096ELAS001,096EL009,EL096009
016D5AW016,016D5012,D5016043
048TPAW086,048TP094,TP048117
064MRAW024,064MR022,MR064031
052XYAW004,052XY004,XY052005
064MRAW035,064MR023,MR064030
024MAAW047,024MA093,MA024097
024MAAW007,024MA034,MA024034
024MAAW016,024MA046,MA024046
064MRAW021,064MR039,MR064042
048TPAW056,048TP076,TP048076
048TPAW194,048TP318,TP048178
048MABU057,048MA323,MA048118
054MFBU004,054MF003,MF054004
168RMBU006,168RM006,RM168006
090NCBU014,090NC061,NC090C40
086TABU026,086TA127,TA086024
054MFBU011,054MF022,MF054024
090NCBU012,090NC056,NC090C38
126CTBU001,126CT002,CT126001
048MABU068,048MA366,MA048152
096EFBU003,096EF044,EF096045
000IABW109,000IA313,IA000025
036ABBW009,036AB062,AB036109
032YFBW029,032YF074,YF032074
032YBBW010,032YB010,YB032011
0086BEU014,0086B030,6B008037
048TREU014,048TR122,TR048130
134N9GA002,134N9002,N9134002
0442JHQ026,0442J026,2J044032
0345VHQ009,0345V009,5V034011
0442JHQ044,0442J042,2J044053
0225NHQ012,0225N012,5N022011
0442JHQ027,0442J027,2J044033
078U9LW012,078U9030,C9078034
132NYLW078,132NY052,NY132101
048TWMS063,048TW497,TW048487
060NRMS004,060NR015,NR060015
048TWMS068,048TW503,TW048239
048TWMS087,048TW528,TW048E20
078U9MS012,078U9018,C9078017
096EFMS005,096EF059,EF096061
020YUNI041,020YU006,YU020611
008YZNI040,008YZ006,YZ008004
016OFNI010,016OF003,OF016005
020YUNI001,020YU001,YU020001
008YKNI090,008YK046,YK008046
012Y3NI188,012Y3001,Y3012604
012Y3NI164,012Y3002,Y3012603
020YUNI155,020YU006,YU020611
0008WNV445,0008WA189,8W000A01
0086ANV221,0086A183,6A008252
153XTNV065,153XT095,XT153128
048TRNV073,048TR076,TR048062
153XTNV153,153XT194,XT153251
153XTNV067,153XT097,XT153130
153XTNV128,153XT164,XT153217
0086ANV226,0086A189,6A008258
132X2NV170,132X2313,X2132375
153XTNV152,153XT193,XT153249
132X2NV126,132X2263,X2132321
345XTNV088,345XT067,XT345093
096EITE001,096EI023,EI096025
044TTVE002,044TT002,TT044004
0008WVE041,0008WS201,8W000A01
008YDVE002,008YD056,YD008056
048XVVE002,048XV002,XV048002
056MTVG001,056MT047,MT056047
008Y6VG012,008Y6113,Y6008123
008Y6VG008,008Y6100,Y6008104
064MRVG001,064MR053,MR064054
084UCYZ004,084UC202,CC084205
0086AZA039,0086A165,6A008231
0086AZA026,0086A132,6A008185
0008WAB183,024MA178,8W000A01
0008WAB173,0008W780,8W000A01
084N4AB006,084N4004,N4084004
008YQAB116,008YQ210,YQ008243
060NRAB029,060NR046,NR060047
084RBAB005,084RB005,RB084005
048TWAB019,048TW407,TW048407
178NNAB002,178NN002,NN178002
054NBAB001,054NB025,NB054013
054TNAB036,054TN110,TN054110
054TNAB029,054TN104,TN054104
054TNAB027,054TN076,TN054102
054NRAB004,054NR004,NR054004
063NWAB006,063NW066,NW063076
048TWAB012,048TW394,TW048394
024MAAB053,024MA150,MA024158
008YBAB012,008YB027,YB008027
008YQAB072,008YQ136,YQ008170
063NWAB003,063NW055,NW063065
024MAAB081,024MA218,MA024233
060NRAB019,060NR037,NR060038
008YQAB123,008YQ220,YQ008252
008YQAB122,008YQ219,YQ008251
084UCAB027,084UC178,CC084180
048TWAB014,048TW396,TW048396
024MAAB073,024MA200,MA024215
134N9AB006,134N9012,N9134015
008YMAB062,008YM141,YM008152
096EFAB009,096EF048,EF096050
063NWAB008,063NW067,NW063077
063NWAB020,063NW090,NW063101
096ELAS038,096EL063,EL096070
008YQAS032,008YQ133,YQ008167
0008WAW086,0008WSA7,8W000A01
0008WAW096,016D5015ENG,8W000A01
0008WAW148,0008WA222,8W000A01
0008WAW098,0008W376ENG,8W000A01
0008WAW085,0008WSA6,8W000A01
0008WAW094,048TP199,8W000A01
000SAW017,016D5016ENG,D5016051
0008WAW095,0008WS329,8W000A01
008YMAW020,008YM112,YM008121
008Y6AW032,008Y6087,Y6008007
064MRAW029,064MR020,MR064025
024XJAW020,024XJ052,XJ024052
024XJAW021,024XJ053,XJ024054
024XJAW001,024XJ001,XJ024001
016D5AW021,016D5016ENG,D5016051
008Y6AW039,008Y6097,Y6008097
008Y6AW035,008Y6090,Y6008090
162KEAW001,162KE035,KE162039
084UCBU003,084UC015,CC084021
084UCBU004,084UC028,CC084025
165MLBU046,165ML032,ML165052
084CTBU001,084CT004,CT084006
096EABU001,096EA004,EA096004
060U9BU003,060U9005,C9060004
084UCBU005,084UC041,CC084046
084UCBU006,084UC088,CC084074
048MWBU018,048MW011,MW048013
000IABW124,000IA261,IA000001
048ACBW030,048AC128,AC048128
000IABW122,000IA258,IA000002
000IABW105,000IA214,IA000002
096ELCD003,096EL089,EL096097
0008WGJ082,252X0003,8W000A01
0008WHQ179,0008WAA10,8W000A01
0223RHQ012,0223R009,3R022009
048TWMS077,048TW517,TW048495
048TWMS078,048TW514,TW048442
096ECMS010,096EC009,EC096014
078U9MS017,078U9034,C9078036
078EPMS003,078EP006,EP078008
096ECMS003,096EC002,EC096002
078ENMS018,078EN015,EN078034
090NCMS008,090NC073,NC090073
008OKNI098,008OK001,OK008601
020YUNI084,020YU006,YU020611
010YKNI037,010YK025,YK010030
012Y3NI003,012Y3002,Y3012002
008OKNI113,008OK001,OK008601
008OKNI012,008OK001,OK008601
012Y3NI127,012Y3001,Y3012604
012Y3NI217,012Y3002,Y3012603
008OKNI118,008OK001,OK008601
008OKNI122,008OK001,OK008601
020YUNI420,020YU001,YU020603
020YUNI024,020YU006,YU020009
0008WNV472,132X2296,8W000A01
153XTNV154,153XT196,XT153253
132X2NV158,132X2296,X2132358
132X2NV159,132X2297,X2132359
096EITE002,096EI024,EI096026
008YMTH001,008YM179,YM008191
036YFTH001,036YF002,YF036002
132X2TM002,132X2393,X2132464
0008WVE018,048XZ001,8W000A01
0008WVE020,048XZ001,8W000A01
0008WVE015,0008WSA12,8W000A01
064RKVG004,064RK005,RK064006
064RKVG001,064RK002,RK064002
024XJVG009,024XJ074,XJ024091
008YQVG010,008YQ128,YQ008155
008YMVG010,008YM181,YM008194
008YQVG019,008YQ158,YQ008195
000IAXI001,000IA119,IA000038
000SAW016,016D5015ENG,D5016050
000IABW080,000IA173,IA000001
000IABW091,000IA190,IA000089
132X2CME65ENG,132X2370,X2132E76
192X8CM005ENG,192X8003,X8192005
078EOCM006ENG,078EO006,EO078006
096ELCME15ENG,096EL078,EL096086
008YQCME82ENG,008YQ221,YQ008E86
008YQCME83ENG,008YQE39ENG,YQ008E87
008Y6CME22ENG,008Y6119,Y6008129
000IACME240ENG,000IAE31ENG,IA000172
0008WCME462ENG,0008WA207,8W000A01
048TRCME08ENG,048TR055,TR048E04
060NRCME039ENG,060NR048,NR060048
096ELCM069ENG,096EL089,EL096112
078ENCM020ENG,078EN019,EN078035
078ENCM021ENG,078EN020,EN078036
096ELCM070ENG,096EL104,EL096113
008YMCM105ENG,008YM093ENG,YM008193
078ENCM016ENG,078EN005ENG,EN078025
0086BCM009ENG,0086B024,6B008031
0008WLF001,0008WLAS001,8W000A01
000SAW014,016D5012,D5016044
000IAVT005,000IA162,IA000074
000SNV294,0086A128,6A008179
008OKNI044,008OK001,OK008601
008YKNI084,008YK027,YK008605
008Y7NI030,008Y7001,Y7008602
020YUNI162,020YU001,YU020603
000IABW115,000IA235,IA000114
012Y3NI162,012Y3002,Y3012603
000IABW142,000IA317,IA000140
008OKNI061,008OK001,OK008601
016OFNI041,016OF002,OF016603
012Y3NI138,012Y3002,Y3012603
012Y1NI061,012Y1002,Y1012604
020YUNI123,020YU002,YU020604
012Y1NI053,012Y1002,Y1012604
020YUNI168,020YU002,YU020604
020YUNI153,020YU006,YU020611
020YUNI129,020YU002,YU020604
020YUNI250,020YU002,YU020604
020YUNI257,020YU002,YU020604
020YUNI174,020YU002,YU020604
020YUNI230,020YU001,YU020603
008OKNI091,008OK001,OK008601
012Y3NI181,012Y3002,Y3012603
020YUNI201,020YU002,YU020604
020YUNI148,020YU002,YU020604
008YZNI048,008YZ006,YZ008604
000IABW123,000IA259,IA000121
020YUNI244,020YU002,YU020604
008OKNI047,008OK001,OK008601
020YUNI311,020YU002,YU020604
020YUNI278,020YU002,YU020604
012Y3NI194,012Y3002,Y3012603
008OKNI077,008OK001,OK008601
020YUNI339,020YU006,YU020611
020YUNI341,020YU002,YU020604
012Y3NI155,012Y3001,Y3012604
014OANI052,014OA002,OA014603
000IABW036,000IA031,IA000016
020YUNI234,020YU001,YU020603
008OKNI089,008OK001,OK008601
020YUNI242,020YU001,YU020603
012Y1NI049,012Y1002,Y1012604
012Y3NI200,012Y3002,Y3012603
014OANI071,014OA002,OA014603
012Y3NI128,012Y3001,Y3012604
020YUNI202,020YU002,YU020604
132X2NV209,132X2364,X2132430
020YUNI289,020YU006,YU020611
020YUNI160,020YU006,YU020611
000IAQR039,000IA298,IA000143
014OLNI027,014OL001,OL014602
008OKNI038,008OK001,OK008601
020YUNI362,020YU006,YU020611
020YUNI374,020YU006,YU020611
020YUNI378,020YU002,YU020604
0086ANV214,0086A176,6A008243
020YUNI387,020YU006,YU020611
008OKNI095,008OK001,OK008601
020YUNI392,020YU001,YU020603
008OKNI081,008OK001,OK008601
008Y7NI035,008Y7001,Y7008602
020YUNI104,020YU006,YU020611
012Y3NI148,012Y3002,Y3012603
132X2NV224,132X23382,X2132451
020YUNI217,020YU002,YU020604
012Y3NI230,012Y3001,Y3012604
178NNAS001,178NN004,NN178004
014OLNI040,014OL001,OL014602
020YUNI284,020YU002,YU020604
012Y3NI235,012Y3002,Y3012603
012Y3NI145,012Y3002,Y3012603
020YUNI408,020YU001,YU020603
008YZNI043,008YZ006,YZ008004
020YUNI411,020YU002,YU020604
020YUNI276,020YU002,YU020604
020YUNI146,020YU002,YU020604
012Y3NI154,012Y3001,Y3012604
012Y3NI140,012Y3002,Y3012603
012Y3NI121,012Y3002,Y3012603
020YUNI110,020YU006,YU020611
008OKNI052,008OK001,OK008601
020YUNI207,020YU002,YU020604
020YUNI172,020YU002,YU020604
020YUNI286,020YU002,YU020604
0000SNV422,0086A197,6A008266
0086AZA046,0086A194,6A008263
014OLNI022,014OL001,OL014602
016OFNI022,016OF001,OF016604
020YUNI187,020YU002,YU020604
008OKNI115,008OK001,OK008601
008OKNI064,008OK001,OK008601
0086AZA014,0086A109,6A008160
063XMAB004,063XM009,XM063010
008YMAS059,008YM180,YM008192
168RMBU007,168RM007,RM168007
200N7BU025,200N7031,N7200037
000IABW064,000IA125,IA000050
0415LHQ022,0415L019,5L041029
096ELMS002,096EL104,EL096113
020YUNI075,020YU006,YU020611
016OFNI035,016OF003,OF016610
016OFNI016,016OF003,OF016610
012Y3NI159,012Y3001,Y3012604
012Y3NI228,012Y3001,Y3012604
012Y3NI177,012Y3002,Y3012603
0008WNV508,0008WA411,8W000A01
0008WNV478,0008WA207,8W000A01
0086ANV202,0086A166,6A008232
153XTNV064,153XT094,XT153127
345XTNV089,345XT068,XT345094
063KZTM001,063KZ001,KZ063001
0086AZA025,0086A131,6A008184
008YQAB088,008YQ170,YQ008207
024MAAB085,024MA225,MA024243
0008WAW065,0008WS211,8W000A01
0008WAW097,0008W375ENG,8W000A01
064MRAW019,064MR019,MR064027
048TGBU008,048TG295,TG048204
165MLBU066,165ML040,ML165070
048MABU064,048MA357,MA048141
008OKNI043,008OK001,OK008601
008OKNI023,008OK001,OK008601
012Y3NI215,012Y3001,Y3012604
012Y3NI237,012Y3001,Y3012604
008OKNI120,008OK001,OK008601
0008WVE001,0008WS201,8W000A01
0008WVE013,008YD083,8W000A01
008YQVG015,008YQ146,YQ008181
345XTCM030ENG,345XT064,XT345E09
084UNCM003ENG,084UN002,UN084002
008YMCME60ENG,008YME13ENG,YM008E15
096EICM028ENG,096EI023,EI096025
010YKCM014ENG,010YK025,YK010029
000IACM207ENG,000IAE18ENG,IA000E10
024MACM142ENG,024MA277,MA024292
000IACM163ENG,000IA219,IA000104
0008WCME592ENG,132X2378,8W000A01
345XTCM033ENG,345XT067,XT345E12
036ABCM014ENG,036AB062,AB036109
000IAVT001,000IA081,IA000026
000SNV149,153XT081,XT153113
0008WNV366,0008WA109,8W000A01
020YUNI116,020YU002,YU020604
014OLNI032,014OL001,OL014602
020YUNI143,020YU002,YU020604
008YZNI044,008YZ006,YZ008604
020YUNI135,020YU001,YU020603
014OANI058,014OA002,OA014603
008OKNI065,008OK001,OK008601
012Y3NI158,012Y3001,Y3012604
000IAVT006,000IA250,IA000118
020YUNI183,020YU002,YU020604
020YUNI181,020YU002,YU020604
020YUNI108,020YU002,YU020604
020YUNI224,020YU002,YU020604
020YUNI236,020YU001,YU020603
010YKNI046,010YK024,YK010632
020YUNI124,020YU002,YU020604
020YUNI252,020YU002,YU020604
020YUNI216,020YU002,YU020604
020YUNI263,020YU002,YU020604
020YUNI267,020YU001,YU020603
020YUNI271,020YU001,YU020603
012Y3NI126,012Y3001,Y3012604
020YUNI280,020YU002,YU020604
012Y3NI190,012Y3002,Y3012603
000IABW112,000IA232,IA000112
014OLNI029,014OL001,OL014602
010YKNI052,010YK031,YK010634
020YUNI141,020YU002,YU020604
012Y3NI147,012Y3001,Y3012604
020YUNI303,020YU002,YU020604
020YUNI319,020YU001,YU020603
020YUNI325,020YU002,YU020604
020YUNI335,020YU002,YU020604
012Y3NI199,012Y3001,Y3012604
020YUNI337,020YU006,YU020611
020YUNI293,020YU002,YU020604
012Y3NI185,012Y3002,Y3012603
014OANI051,014OA002,OA014603
008YZNI036,008YZ006,YZ008604
014OANI056,014OA002,OA014603
012Y1NI063,012Y1002,Y1012604
008OKNI046,008OK001,OK008601
009YZNI012,009YZ001,YZ009602
008OKNI035,008OK001,OK008601
012Y3NI152,012Y3001,Y3012604
020YUNI290,020YU002,YU020604
132X2NV215,132X2372,X2132439
014OANI050,014OA002,OA014603
014OLNI042,014OL001,OL014602
014OANI053,014OA002,OA014603
020YUNI364,020YU006,YU020611
020YUNI368,020YU006,YU020611
012Y3NI129,012Y3002,Y3012603
009YZNI013,009YZ001,YZ009602
020YUNI376,020YU006,YU020611
008OKNI059,008OK001,OK008601
020YUNI385,020YU006,YU020611
012Y3NI224,012Y3001,Y3012604
020YUNI317,020YU001,YU020603
020YUNI282,020YU006,YU020611
008OKNI100,008OK001,OK008601
008YZNI035,008YZ006,YZ008604
008Y7NI031,008Y7001,Y7008602
020YUNI156,020YU006,YU020611
020YUNI400,020YU001,YU020603
0086ANV196,0086A159,6A008225
008OKNI055,008OK001,OK008601
020YUNI150,020YU001,YU020603
014OLNI059,014OL001,OL014602
012Y3NI233,012Y3001,Y3012604
012Y3NI122,012Y3001,Y3012604
012Y3NI220,012Y3002,Y3012603
008OKNI110,008OK001,OK008601
008OKNI057,008OK001,OK008601
084UNAB003,084UN002,UN084002
0445THQ014,0445T013,5T044024
020YUNI413,020YU002,YU020604
020YUNI248,020YU002,YU020604
008YKNI097,008YK046,YK008646
012Y3NI241,012Y3001,Y3012604
012Y3NI141,012Y3002,Y3012603
012Y3NI170,012Y3002,Y3012603
020YUNI315,020YU001,YU020603
008OKNI102,008OK001,OK008601
020YUNI130,020YU002,YU020604
020YUNI178,020YU002,YU020604
020YUNI136,020YU002,YU020604
153XTNV156,153XT199,XT153257
0086AZA047,0086A195,6A008264
078U9LW013,078U9031,C9078034
020YUNI349,020YU002,YU020604
008OKNI117,008OK001,OK008601
008OKNI040,008OK001,OK008601
054NBAB014,054NB046,NB054046
008YBAB009,008YB023,YB008023
0086BEU009,0086B026,6B008033
010YKNI055,010YK030,YK010033
020YUNI418,020YU002,YU020604
012Y3NI216,012Y3001,Y3012604
012Y3NI146,012Y3002,Y3012603
0008WNV509,0008WA412,8W000A01
0086ANV222,0086A184,6A008253
0086ANV223,0086A185,6A008254
132X2NV234,132X2392,X2132463
090MVQW025,090MV065,MV090068
008YDVE004,008YD083,YD008089
064MRVG002,064MR054,MR064053
063NWVG003,063NW034,NW063034
0008WAB205,0008W990,8W000A01
024MAAB075,024MA202,MA024217
063NWAB018,063NW088,NW063099
008Y6AS012,008Y6119,Y6008129
008Y6AW040,008Y6098,Y6008100
016D5AW020,016D5015ENG,D5016050
016D5AW042,016D5032,D5016083
165MLBU076,165ML044,ML165081
060CACD004,060CA011,CA060011
020YUNI241,020YU001,YU020603
008OKNI124,008OK001,OK008601
012Y3NI143,012Y3001,Y3012604
020YUNI073,020YU002,YU020604
0008WVE002,054TS014,8W000A01
0008WVG003,0008WS327,8W000A01
024MAVG012,024MA166,MA024208
024MAVG018,024MA215,MA024230
000SAW030,016D5032,D5016083
0445TCM015ENG,0445T013,5T044025
024XWCM009ENG,024XWE002ENG,XW024E002
024XWCM011ENG,024XWE002ENG,XW024E003
252X2CM013ENG,252X2001ENG,X2252E07
088Y2CME003ENG,088Y2003,Y2088004
024MACM138ENG,024MA274,MA024290
024MACM143ENG,024MA278,MA024293
178NNCME002ENG,178NN004,NN178004
345XTCM034ENG,345XT068,XT345E13
060CACM010ENG,060CA011,CA060011
200N7CM010ENG,200N7040,N7200042
008YQCM144ENG,008YQ101ENG,YQ008254
000IABW056,000IA116,IA000041
0008WNV323,153XT098,8W000A01
014OLNI034,014OL001,OL014602
012Y1NI054,012Y1002,Y1012604
000SNV332,345XT053,XT345075
008OKNI071,008OK001,OK008601
008OKNI073,008OK001,OK008601
010YKNI043,010YK026,YK010631
020YUNI189,020YU002,YU020604
008OKNI079,008OK001,OK008601
008OKNI084,008OK001,OK008601
020YUNI219,020YU002,YU020604
020YUNI228,020YU001,YU020603
014OLNI033,014OL001,OL014602
020YUNI115,020YU002,YU020604
014OANI063,014OA002,OA014603
020YUNI209,020YU002,YU020604
012Y3NI175,012Y3002,Y3012603
014OANI060,014OA002,OA014603
012Y3NI166,012Y3001,Y3012604
012Y3NI184,012Y3002,Y3012603
012Y3NI192,012Y3002,Y3012603
020YUNI119,020YU002,YU020604
012Y3NI131,012Y3001,Y3012604
020YUNI121,020YU002,YU020604
014OLNI044,014OL001,OL014602
020YUNI305,020YU002,YU020604
020YUNI327,020YU002,YU020604
014OLNI046,014OL001,OL014602
014OANI067,014OA002,OA014603
020YUNI343,020YU002,YU020604
008OKNI069,008OK001,OK008601
014OANI069,014OA002,OA014603
012Y3NI204,012Y3002,Y3012603
012Y3NI150,012Y3002,Y3012603
012Y3NI206,012Y3001,Y3012604
012Y1NI057,012Y1002,Y1012604
020YUNI112,020YU006,YU020611
020YUNI179,020YU002,YU020604
014OANI061,014OA002,OA014603
012Y1NI051,012Y1002,Y1012604
020YUNI214,020YU002,YU020604
014OANI075,014OA002,OA014603
020YUNI301,020YU002,YU020604
020YUNI165,020YU006,YU020611
020YUNI356,020YU002,YU020604
012Y3NI214,012Y3001,Y3012604
012Y3NI136,012Y3002,Y3012603
014OANI065,014OA002,OA014603
020YUNI366,020YU006,YU020611
020YUNI370,020YU006,YU020611
016OFNI037,016OF001,OF016604
008OKNI106,008OK001,OK008601
020YUNI380,020YU006,YU020611
020YUNI122,020YU002,YU020604
012Y3NI226,012Y3002,Y3012603
012Y3NI183,012Y3001,Y3012604
020YUNI394,020YU001,YU020603
020YUNI321,020YU001,YU020603
008Y7NI029,008Y7001,Y7008602
020YUNI398,020YU006,YU020611
020YUNI254,020YU002,YU020604
020YUNI402,020YU001,YU020603
020YUNI133,020YU006,YU020611
020YUNI406,020YU002,YU020604
020YUNI151,020YU001,YU020603
014OLNI048,014OL001,OL014602
012Y3NI130,012Y3002,Y3012603
0086BEU018,0086B034,6B008043
020YUNI404,020YU001,YU020603
012Y3NI239,012Y3002,Y3012603
014OLNI036,014OL001,OL014602
014OLNI062,014OL001,OL014602
020YUNI331,020YU002,YU020604
020YUNI175,020YU002,YU020604
010YKNI039,010YK025,YK010630
012Y3NI124,012Y3002,Y3012603
012Y3NI212,012Y3002,Y3012603
012Y3NI243,012Y3002,Y3012603
014OLNI028,014OL001,OL014602
020YUNI131,020YU001,YU020603
020YUNI204,020YU002,YU020604
020YUNI170,020YU002,YU020604
020YUNI299,020YU002,YU020604
012Y3NI245,012Y3002,Y3012603
014OLNI052,014OL001,OL014602
020YUNI417,020YU002,YU020604
020YUNI358,020YU006,YU020611
008OKNI041,008OK001,OK008601
132X2NV233,132X2391,X2132462
000IAQR003,000IA003,IA000045
024MAAB038,024MA105,MA024105
078EOAS004,078EO004,EO078004
048MABU056,048MA317,MA048117
096EFBU006,096EF066,EF096070
168XIBU002,168XI002,XI168002
134N9GA001,134N9001,N9134001
008YZNI039,008YZ006,YZ008004
012Y3NI142,012Y3001,Y3012604
012Y3NI222,012Y3002,Y3012603
020YUNI069,020YU006,YU020611
0008WNV444,0008WA188,8W000A01
0086ANV220,0086A182,6A008251
153XTNV066,153XT096,XT153129
056THVG003,056TH164,TH056165
0008WAB180,024MA174,8W000A01
060NRAB030,060NR048,NR060048
024MAAB084,024MA224,MA024239
008Y6AW046,008Y6109,Y6008117
048TPAW054,048TP074,TP048075
048ACBW032,048AC130,AC048130
000IABW164,000IA366,IA000001
008OKNI039,008OK001,OK008601
008OKNI009,008OK001,OK008601
012Y3NI091,012Y3002,Y3012603
000IAQR034,000IA282,IA000109
240UETH001,240UE001,UE240001
0008WVG005,153XT019,8W000A01
024MAVG014,024MA209,MA024224
008YQCME78ENG,008YQE38ENG,YQ008E84
084UNCM004ENG,084UN002,UN084003
132X2CM111ENG,132X2392,X2132465
056THCM130ENG,056TH081,TH056182
063NWCM050ENG,063NW056,NW063066
0008WCME461ENG,0008WA189,8W000A01
