product,process_id,bom_id
000IABW074,000IA147,IA000064
000SNV149,153XT081,XT153113
000IABW072,000IA143,IA000060
000IABW108,000IA220,IA000097
000SNV332,345XT053,XT345075
000IABW032,000IA033,IA000013
000IABW142,000IA317,IA000140
012Y1NI059,012Y1002,Y1012604
020YUNI108,020YU002,YU020604
020YUNI226,020YU002,YU020604
020YUNI145,020YU002,YU020604
020YUNI246,020YU002,YU020604
020YUNI257,020YU002,YU020604
020YUNI174,020YU002,YU020604
020YUNI267,020YU001,YU020603
012Y3NI126,012Y3001,Y3012604
000IABW052,000IA045,IA000018
012Y3NI190,012Y3002,Y3012603
000IABW112,000IA232,IA000112
010YKNI052,010YK031,YK010634
020YUNI295,020YU002,YU020604
020YUNI141,020YU002,YU020604
012Y3NI147,012Y3001,Y3012604
020YUNI309,020YU002,YU020604
020YUNI327,020YU002,YU020604
020YUNI335,020YU002,YU020604
012Y3NI199,012Y3001,Y3012604
014OANI067,014OA002,OA014603
020YUNI343,020YU002,YU020604
008OKNI069,008OK001,OK008601
000IABW144,000IA333,IA000158
012Y3NI150,012Y3002,Y3012603
0008WDAF001,0008WDAF001,8W000A01
0008WSMT001,0008WSMT001,8W000A01
0008WPRT001,0008WPRT001,8W000A01
0008WDAE001,0008WDAE001,8W000A01
0008WLAS001,0008WLAS001,8W000A01
0008WPRT005,0008WPRT001,8W000A01
000IABW064,000IA125,IA000050
020YUNI112,020YU006,YU020611
014OANI061,014OA002,OA014603
012Y1NI052,012Y1002,Y1012604
012Y3NI200,012Y3002,Y3012603
008OKNI035,008OK001,OK008601
000IABW075,000IA149,IA000065
020YUNI290,020YU002,YU020604
014OLNI042,014OL001,OL014602
012Y3NI120,012Y3001,Y3012604
000IABW040,000IA085,IA000025
020YUNI364,020YU006,YU020611
020YUNI368,020YU006,YU020611
016OFNI037,016OF001,OF016604
009YZNI013,009YZ001,YZ009602
020YUNI383,020YU002,YU020604
000IABW143,000IA325,IA000122
008OKNI095,008OK001,OK008601
020YUNI396,020YU001,YU020603
153XTNV148,153XT189,XT153245
000IAQR014,000IA203,IA000096
000IABW094,000IA193,IA000090
020YUNI398,020YU006,YU020611
020YUNI217,020YU002,YU020604
014OLNI059,014OL001,OL014602
008OKNI057,008OK001,OK008601
153XTSS005,153XT136,XT153175
000IABW045,000IA089,IA000031
014OLNI062,014OL001,OL014602
020YUNI175,020YU002,YU020604
012Y3NI134,012Y3002,Y3012603
020YUNI178,020YU002,YU020604
020YUNI136,020YU002,YU020604
000IABW109,000IA313,IA000025
020YUNI349,020YU002,YU020604
010YKNI057,010YK030,YK010633
008OKNI039,008OK001,OK008601
012Y3NI138,012Y3002,Y3012603
008OKNI093,008OK001,OK008601
000IABW031,000IA034,IA000015
012Y3NI164,012Y3002,Y3012603
020YUNI325,020YU002,YU020604
020YUNI165,020YU006,YU020611
000IAQR040,000IA312,IA000106
020YUNI214,020YU002,YU020604
000IAQR012,000IA184,IA000087
012Y3NI154,012Y3001,Y3012604
020YUNI284,020YU002,YU020604
066TNAB031,066TN079,TN066079
008OKNI132,008OK001,OK008601
020YUNI123,020YU002,YU020604
000IAQR039,000IA298,IA000143
008YZNI036,008YZ006,YZ008604
008OKNI100,008OK001,OK008601
008OKNI136,008OK001,OK008601
345XTNV087,345XT066,XT345092
020YUNI347,020YU002,YU020604
000IAQR004,000IA281,IA000045
063NWAB006,063NW066,NW063076
020YUNI160,020YU006,YU020611
020YUNI170,020YU002,YU020604
008OKNI146,008OK001,OK008601
000IAQR028,000IA251,IA000119
000IAQR024,000IA236,IA000096
024MAAW023,024MA084,MA024054
008OKNI117,008OK001,OK008601
020YUNI107,020YU006,YU020611
008YQAB134,008YQ232,YQ008266
136XZAS004,136XZ004,XZ136004
020YUNI415,020YU002,YU020604
008YZNI040,008YZ006,YZ008004
008OKNI148,008OK001,OK008601
012Y3NI222,012Y3002,Y3012603
0086ANV218,0086A180,6A008249
0086ANV219,0086A181,6A008250
0086ANV209,0086A137,6A008190
0086ANV238,0086A204,6A008281
012Y3NI127,012Y3001,Y3012604
020YUNI242,020YU001,YU020603
020YUNI265,020YU001,YU020603
008OKNI142,008OK001,OK008601
008OKNI052,008OK001,OK008601
020YUNI437,020YU001,YU020603
345XTNV063,345XT044,XT345066
084UCTE003,084UC209,CC084213
084UNAB005,084UN004,UN084004
078EABU009,078EA009,EA078009
078ENMS022,078EN022,EN078038
008OKNI162,008OK001,OK008601
020YUNI428,020YU002,YU020604
020YUNI303,020YU002,YU020604
012Y3NI263,012Y3002,Y3012603
0086ANV046,0086A043,6A008060
048TVOK052,048TV280,TV048280
048XZVE010,048XZ006,XZ048022
024MAVG032,024MA286,MA024301
008YBAB021,008YB045,YB008044
008Y6AB024,008Y6049,Y6008055
024XJAW040,024XJ098,XJ024122
0445THQ014,0445T013,5T044024
008DRCD034,008DR046,DR008064
078ENMS021,078EN021,EN078037
012Y3NI003,012Y3002,Y3012002
008YKNI092,008YK046,YK008646
012Y3NI140,012Y3002,Y3012603
0086ANV051,0086A047,6A008064
0086ANV052,0086A048,6A008065
345XTNV080,345XT059,XT345083
008YDVE003,008YD064,YD008064
048XZVE007,048XZ008,XZ048017
054TSVE001,054TS014,TS054019
024XJVG008,024XJ073,XJ024089
056THVG001,056TH162,TH056162
008YQAB138,008YQ234,YQ008270
162KEAB011,162KE022,KE162023
048TWAB019,048TW407,TW048407
008YQAB114,008YQ207,YQ008240
008YDAB016,008YD098,YD008105
008YQAB034,008YQ061,YQ008068
008YQAB131,008YQ227,YQ008260
054TSAB006,054TS017,TS054017
063NWAB013,063NW076,NW063086
008YMAB047,008YM098,YM008107
008YDAB027,008YD128,YD008150
008YQAB118,008YQ215,YQ008247
008YQAB136,008YQ233,YQ008267
096ELAB016,096EL021,EL096026
008Y6AB031,008Y6079,Y6008079
008YQAB117,008YQ211,YQ008244
008YQAS038,008YQ159,YQ008196
048TPAW103,048TP199,TP048141
162KEAW001,162KE035,KE162039
024MAAW059,024MA099,MA024137
008Y6AW044,008Y6103,Y6008110
024XJAW020,024XJ052,XJ024052
016D5AW042,016D5032,D5016083
048TPAW194,048TP318,TP048178
016D5AW011,016D5012,D5016027
134KMBU001,134KM002,KM134002
096EFBU002,096EF039,EF096020
054MFBU011,054MF022,MF054024
084XUBU007,084XU012,XU084013
096EFBU001,096EF033,EF096033
036ABBW009,036AB062,AB036109
052ACBW033,052AC032,AC052032
072AFBW022,072AF132,AF072132
0086BEU017,0086B033,6B008041
0086BEU018,0086B034,6B008043
054TSCS013,054TS043,TS054043
078ENMS018,078EN015,EN078034
078EPMS004,078EP006,EP078010
090NCMS009,090NC089,NC090089
060NRMS004,060NR015,NR060015
008OKNI002,008OK001,OK008001
020YUNI311,020YU002,YU020604
012Y3NI257,012Y3001,Y3012604
020YUNI316,020YU001,YU020603
008OKNI172,008OK001,OK008601
008OKNI092,008OK001,OK008601
008OKNI103,008OK001,OK008601
008OKNI104,008OK001,OK008601
132X2NV126,132X2263,X2132321
153XTNV144,153XT180,XT153233
048TRNV125,048TR153,TR048161
0086ANV101,0086A075,6A008112
048TVOK008,048TV158,TV048078
016D5OK007,016D5022,D5016068
000IAQR007,000IA163,IA000075
192X8QT002,192X8003,X8192005
078EQSM001,078EQ001,EQ078001
0008WSS008,0008WA160,8W000A01
132Y2TO002,132Y2002,Y2132006
086TAUL005,086TA022,TA086026
008YDVE002,008YD056,YD008056
008YDVE004,008YD083,YD008089
056THVG007,056TH162,TH056162
0008WAB172,008YQ126,8W000A01
024XJAB021,024XJ065,XJ024077
008YQAB107,008YQ193,YQ008227
024XJAB025,024XJ078,XJ024098
024XJAB023,024XJ071,XJ024086
008YQAB112,008YQ203,YQ008236
024MAAB061,024MA164,MA024172
048TWAB012,048TW394,TW048394
008YMAB068,008YM157,YM008169
008YBAB011,008YB026,YB008026
054TSAB011,054TS044,TS054044
054TNAB036,054TN110,TN054110
008YDAB030,008YD132,YD008153
008YQAB100,008YQ184,YQ008219
060EMAB004,060EM004,EM060004
048TWAB016,048TW404,TW048404
063NWAB003,063NW055,NW063065
096EFAB009,096EF048,EF096050
000IAAB004,000IA283,IA000131
024MAAB028,024MA063,MA024063
008Y6AB028,008Y6076,Y6008076
008YMAB048,008YM099,YM008108
000IAAB002,000IA278,IA000129
024MAAB073,024MA200,MA024215
008Y6AB046,008Y6124,Y6008134
008YQAB132,008YQ228,YQ008261
063NWAS037,063NW059,NW063069
008YQAS018,008YQ092,YQ008107
096ELAS038,096EL063,EL096070
008Y6AS005,008Y6048,Y6008054
008YMAS033,008YM136,YM008147
063NWAS046,063NW046,NW063095
008DRAS008,008DR010,DR008014
008FGAS035,008FG006,FG008006
008FGAS051,008FG035,FG008035
008YQAS021,008YQ096,YQ008114
096ELAS001,096EL009,EL096009
008YQAS054,008YQ212,YQ008245
008YQAS031,008YQ132,YQ008166
0008WAW095,0008WS329,8W000A01
0008WAW094,048TP199,8W000A01
0008WAW086,0008WSA7,8W000A01
000SAW007,016D5012,D5016027
024MAAW007,024MA034,MA024034
008YMAW020,008YM112,YM008121
008Y6AW039,008Y6097,Y6008097
064MRAW028,064MR026,MR064035
008Y6AW032,008Y6087,Y6008007
008Y6AW020,008Y6057,Y6008057
064MRAW019,064MR019,MR064027
024MAAW030,024MA054,MA024054
048TPAW205,048TP326,TP048310
200N7BU028,200N7040,N7200042
096EABU001,096EA004,EA096004
054MFBU004,054MF003,MF054004
024MABU007,024MA270,MA024286
054NBBU006,054NB037,NB054023
090NCBU014,090NC061,NC090C40
090NCBU015,090NC062,NC090C41
000IABW153,000IA352,IA000165
054MFCD003,054MF007,MF054007
084UCCD006,084UC087,CC084069
054MFCD002,054MF006,MF054006
0086BEU021,0086B037,6B008048
000IAHQ011,000IA268,IA000123
078U9LW014,078U9030,C9078033
078U9MS012,078U9018,C9078017
078ENMS004,078EN002,EN078012
096ECMS003,096EC002,EC096002
048TWMS075,048TW511,TW048042
048TWMS068,048TW503,TW048239
048TWMS093,048TW554,TW048293
048TWMS046,048TW440,TW048036
048TWMS063,048TW497,TW048487
048TWMS086,048TW527,TW048B07
048TWMS059,048TW473,TW048473
048TWMS079,048TW511,TW048042
078ENMS017,078EN014,EN078033
008YZNI037,008YZ006,YZ008003
020YUNI358,020YU006,YU020611
020YUNI357,020YU006,YU020611
020YUNI204,020YU002,YU020604
012Y3NI142,012Y3001,Y3012604
012Y3NI098,012Y3002,Y3012603
0008WNV523,132X2359,8W000A01
0008WNV417,132X2263,8W000A01
132X2NV154,132X2292,X2132354
132X2NV204,132X2359,X2132425
0086ANV249,0086A197,6A008295
0008WOK063,0008WA50,8W000A01
096EITE001,096EI023,EI096025
000IATY001,000IA370,IA000001
0008WVE001,0008WS201,8W000A01
0008WVE009,008YD056,8W000A01
0008WVE016,048XV001,8W000A01
008YQVG006,008YQ119,YQ008144
064RKVG004,064RK005,RK064006
064RKVG001,064RK002,RK064002
056THVG002,056TH163,TH056164
008YDVG012,008YD110,YD008121
056THVG003,056TH164,TH056165
008Y6VG008,008Y6100,Y6008104
048MAVG003,048MA362,MA048148
056THVG004,056TH165,TH056166
000IABW093,000IA192,IA000001
000IABW122,000IA258,IA000002
0008WNV425,132X2271,8W000A01
153XTNV128,153XT164,XT153217
024MAAB123,024MA277,8W000A01
024MAAB214,024MA278,8W000A01
024XWAB020,024XW020,8W000A01
024MAAW091,024MA213,8W000A01
345XTNV094,345XT059,XT345083
240UECM002ENG,240UE002,UE240002
000IACM247ENG,000IA359,IA000169
096EICM028ENG,096EI023,EI096025
0008WACMA32ENG,0008WS360,8W000A01
0445TCM013ENG,0445T012,5T044022
0445TCM015ENG,0445T013,5T044025
048TWCME22ENG,048TW404,8W000A01
345XTCM026ENG,345XT057,XT345E06
008YQCME75ENG,008YQ211,YQ008244
008Y6CME24ENG,008Y6124,Y6008134
048TPCM107ENG,048TP088ENG,TP048117
064XQCM003ENG,064XQ002ENG,XQ064E001
024YBCM011ENG,024YB019,YB024028
078ENCM021ENG,078EN020,EN078036
078ENCM023ENG,078EN022,EN078038
078ENCM022ENG,078EN021,EN078037
008YQCM145ENG,008YQ102ENG,YQ008269
008YQCM142ENG,008YQ202,YQ008235
132X2CM113ENG,132X2028ENG,X2132471
345XTCM028ENG,345XT009ENG,XT345E07
048TPCM174ENG,048TP396,TP048197
063NWCME29ENG,063NW066,NW063076
153XTCM108ENG,153XT134,XT153E41
084RBCM002ENG,084RB003,RB084003
0008WFCB001,0008WFCB001,8W000A01
000IAVT001,000IA081,IA000026
0008WNV323,153XT098,8W000A01
012Y1NI061,012Y1002,Y1012604
012Y1NI053,012Y1002,Y1012604
020YUNI168,020YU002,YU020604
020YUNI129,020YU002,YU020604
020YUNI250,020YU002,YU020604
020YUNI216,020YU002,YU020604
020YUNI263,020YU002,YU020604
020YUNI271,020YU001,YU020603
008OKNI087,008OK001,OK008601
020YUNI280,020YU002,YU020604
012Y3NI192,012Y3002,Y3012603
020YUNI119,020YU002,YU020604
020YUNI121,020YU002,YU020604
014OLNI044,014OL001,OL014602
020YUNI319,020YU001,YU020603
020YUNI329,020YU002,YU020604
014OLNI046,014OL001,OL014602
000IABW058,000IA058,IA000041
014OLNI030,014OL001,OL014602
012Y3NI196,012Y3002,Y3012603
020YUNI232,020YU001,YU020603
012Y3NI204,012Y3002,Y3012603
000SNV295,0086A137,6A008190
000IABW036,000IA031,IA000016
012Y1NI057,012Y1002,Y1012604
020YUNI179,020YU002,YU020604
014OANI073,014OA002,OA014603
012Y1NI049,012Y1002,Y1012604
009YZNI012,009YZ001,YZ009602
012Y3NI208,012Y3001,Y3012604
012Y3NI198,012Y3002,Y3012603
020YUNI356,020YU002,YU020604
014OLNI027,014OL001,OL014602
020YUNI366,020YU006,YU020611
020YUNI370,020YU006,YU020611
020YUNI378,020YU002,YU020604
008OKNI089,008OK001,OK008601
020YUNI387,020YU006,YU020611
012Y3NI149,012Y3002,Y3012603
020YUNI400,020YU001,YU020603
020YUNI297,020YU002,YU020604
014OLNI048,014OL001,OL014602
020YUNI404,020YU001,YU020603
020YUNI411,020YU002,YU020604
020YUNI146,020YU002,YU020604
012Y3NI243,012Y3002,Y3012603
020YUNI299,020YU002,YU020604
008OKNI108,008OK001,OK008601
014OLNI040,014OL001,OL014602
008OKNI115,008OK001,OK008601
020YUNI156,020YU006,YU020611
008OKNI098,008OK001,OK008601
020YUNI421,020YU001,YU020603
020YUNI289,020YU006,YU020611
020YUNI133,020YU006,YU020611
012Y3NI235,012Y3002,Y3012603
020YUNI423,020YU002,YU020604
020YUNI153,020YU006,YU020611
0008WAW158,0008WA480,8W000A01
008OKNI134,008OK001,OK008601
012Y3NI216,012Y3001,Y3012604
000IAQR003,000IA003,IA000045
008OKNI064,008OK001,OK008601
020YUNI238,020YU001,YU020603
008OKNI046,008OK001,OK008601
008OKNI138,008OK001,OK008601
008OKNI047,008OK001,OK008601
020YUNI211,020YU002,YU020604
012Y3NI151,012Y3001,Y3012604
008YQAB133,008YQ229,YQ008262
020YUNI228,020YU001,YU020603
008OKNI071,008OK001,OK008601
096EITE002,096EI024,EI096026
064MRAW029,064MR020,MR064025
016OFNI050,016OF001,OF016604
012Y3NI253,012Y3001,Y3012604
020YUNI313,020YU006,YU020611
020YUNI345,020YU002,YU020604
010YKNI054,010YK025,YK010630
008OKNI150,008OK001,OK008601
012Y3NI177,012Y3002,Y3012603
0086ANV208,0086A138,6A008191
0086ANV244,0086A210,6A008288
0086ANV217,0086A179,6A008248
012Y3NI159,012Y3001,Y3012604
020YUNI394,020YU001,YU020603
020YUNI104,020YU006,YU020611
008OKNI156,008OK001,OK008601
008OKNI154,008OK001,OK008601
010YKNI043,010YK026,YK010631
072AFQH010,072AF148,AF072148
008OKNI164,008OK001,OK008601
020YUNI417,020YU002,YU020604
012Y3NI157,012Y3001,Y3012604
012Y3NI170,012Y3002,Y3012603
132X2NV238,132X2398,X2132472
048XZVE009,048XZ006,XZ048021
008OKNI106,008OK001,OK008601
012Y3NI259,012Y3002,Y3012603
0086ANV055,0086A050,6A008067
024MAVG033,024MA287,MA024302
008YBAB009,008YB023,YB008023
012Y3NI148,012Y3002,Y3012603
020YUNI131,020YU001,YU020603
008OKNI048,008OK001,OK008601
008OKNI021,008OK001,OK008601
132X2NV194,132X2348,X2132414
0086ANV102,0086A076,6A008113
044TTZF004,044TT006,TT044010
090NCAB019,090NC083,NC090083
0008WAW056,016D5004,8W000A01
0008WAW088,016D5009,8W000A01
048TPAW208,048TP396,TP048197
008YMAW017,008YM107,YM008104
024MAAW010,024MA037,MA024040
048ACBW016,048AC114,AC048114
078EPLW008,078EP001,EP078009
048TWMS087,048TW528,TW048E20
020YUNI412,020YU002,YU020604
008OKNI174,008OK001,OK008601
012Y3NI219,012Y3002,Y3012603
012Y3NI130,012Y3002,Y3012603
132X2NV231,132X2388,X2132459
0008WVE017,0008WS230,8W000A01
048XVVE004,048XV004,XV048006
024MAVG034,024MA288,MA024303
345XTNV091,345XT059,XT345083
0086ANV184,0086A142,8W000A01
096EICM029ENG,096EI024,EI096026
0008WCME447ENG,252X2012,8W000A01
054NBCM035ENG,054NB005ENG,NB054E03
048TWCME23ENG,048TW394,8W000A01
048XZCM015ENG,048XZ006,XZ048024
008YQCME88ENG,008YQ225,YQ008E91
008YQCME98ENG,008YQ233,YQ008268
0008WCME647ENG,0008WE95ENG,8W000A01
162KECM026ENG,162KE035,KE162043
078EACM006ENG,078EA009,EA078009
078EACM014ENG,078EA012,EA078014
054TSCME04ENG,054TS057,TS054059
008DRCM030ENG,008DR046,DR008064
0083XCM006ENG,0083X005,3X008005
0008WLF001,0008WLAS001,8W000A01
000IABW056,000IA116,IA000041
000SNV294,0086A128,6A008179
000IABW115,000IA235,IA000114
000IABW020,000IA040,IA000015
008OKNI079,008OK001,OK008601
020YUNI224,020YU002,YU020604
020YUNI236,020YU001,YU020603
020YUNI124,020YU002,YU020604
020YUNI252,020YU002,YU020604
020YUNI209,020YU002,YU020604
014OANI060,014OA002,OA014603
012Y3NI181,012Y3002,Y3012603
0008WNV501,0008WA401,8W000A01
020YUNI148,020YU002,YU020604
000IABW015,000IA039,IA000017
020YUNI185,020YU002,YU020604
016OFNI045,016OF001,OF016604
020YUNI339,020YU006,YU020611
020YUNI341,020YU002,YU020604
014OANI052,014OA002,OA014603
014OANI051,014OA002,OA014603
014OLNI038,014OL001,OL014602
012Y1NI063,012Y1002,Y1012604
014OANI054,014OA002,OA014603
012Y3NI128,012Y3001,Y3012604
014OANI053,014OA002,OA014603
020YUNI360,020YU006,YU020611
020YUNI372,020YU006,YU020611
020YUNI376,020YU006,YU020611
020YUNI385,020YU006,YU020611
020YUNI392,020YU001,YU020603
016OFNI031,016OF004,OF016606
020YUNI406,020YU002,YU020604
014OLNI057,014OL001,OL014602
012Y3NI239,012Y3002,Y3012603
020YUNI413,020YU002,YU020604
010YKNI039,010YK025,YK010630
014OLNI028,014OL001,OL014602
020YUNI139,020YU002,YU020604
020YUNI352,020YU002,YU020604
008OKNI040,008OK001,OK008601
014OANI069,014OA002,OA014603
016OFNI035,016OF003,OF016610
008OKNI084,008OK001,OK008601
014OANI075,014OA002,OA014603
020YUNI130,020YU002,YU020604
008OKNI059,008OK001,OK008601
008OKNI123,008OK001,OK008601
024MAAB088,024MA237,MA024252
020YUNI331,020YU002,YU020604
008OKNI042,008OK001,OK008601
008OKNI140,008OK001,OK008601
008OKNI043,008OK001,OK008601
020YUNI419,020YU002,YU020604
012Y3NI251,012Y3002,Y3012603
000SCD029,008DR048,DR008062
012Y3NI169,012Y3002,Y3012603
008OKNI102,008OK001,OK008601
008Y7NI031,008Y7001,Y7008602
008Y6AW034,008Y6089,Y6008089
012Y3NI146,012Y3002,Y3012603
153XTNV157,153XT189,XT153245
020YUNI435,020YU002,YU020604
008YZNI043,008YZ006,YZ008004
008OKNI152,008OK001,OK008601
012Y3NI179,012Y3002,Y3012603
020YUNI323,020YU001,YU020603
020YUNI172,020YU002,YU020604
008OKNI160,008OK001,OK008601
008OKNI055,008OK001,OK008601
020YUNI110,020YU006,YU020611
008YZNI048,008YZ006,YZ008604
008OKNI158,008OK001,OK008601
020YUNI120,020YU002,YU020604
012Y3NI145,012Y3002,Y3012603
012Y3NI218,012Y3002,Y3012603
048TPAW195,048TP319,TP048181
008Y7NI029,008Y7001,Y7008602
008YKNI091,008YK046,YK008646
008OKNI170,008OK001,OK008601
012Y3NI137,012Y3002,Y3012603
132X2NV072,132X2087,X2132140
0086ANV242,0086A208,6A008286
008YBAB031,008YB054,YB008054
0083XAB003,0083X005,3X008005
084UCBU004,084UC028,CC084025
012Y3NI228,012Y3001,Y3012604
012Y3NI220,012Y3002,Y3012603
012Y3NI141,012Y3002,Y3012603
008OKNI121,008OK001,OK008601
008OKNI119,008OK001,OK008601
048TRNV122,048TR150,TR048158
000IAQR036,000IA289,IA000136
153XTVG016,153XT200,XT153258
0008WAB173,0008W780,8W000A01
024MAAB053,024MA150,MA024158
063NWAB008,063NW067,NW063077
100N8AB001,100N8001,N8100001
063NWAS035,063NW056,NW063066
008FGAS054,008FG021,FG008021
024MAAW004,024MA032,MA024033
008Y6AW036,008Y6091,Y6008091
020YUNI084,020YU006,YU020611
020YUNI171,020YU002,YU020604
008YZNI002,008YZ006,YZ008003
012Y3NI258,012Y3002,Y3012603
132X2NV239,132X2351,X2132417
0008WOK062,016D5022,8W000A01
000IASE003,000IA361,IA000170
0008WVE002,054TS014,8W000A01
0008WVE007,008YD056,8W000A01
0008WVG022,024XJ073,8W000A01
008YQVG003,008YQ110,YQ008135
000IABW124,000IA261,IA000001
134N9AB007,134N9012,8W000A01
067N5CM019ENG,067N5010,8W000A01
008FGCME33ENG,008FG035,FG008035
0008WCMA186ENG,0008WA151,8W000A01
0008WCM599ENG,0008W599ENG,8W000A01
008FGCME36ENG,008FG038,FG008038
048XZCM014ENG,048XZ006,XZ048023
008YQCME99ENG,008YQ234,YQ008E97
008YBCME23ENG,008YB054,YB008054
132Y2CM004ENG,132Y2002ENG,Y2132004
024MACM149ENG,024MA094,MA024098
024MACM152ENG,024MA286,MA024301
078ENCM013ENG,078EN010,EN078019
0086BCM008ENG,0086B012,6B008019
0415LCM005ENG,0415L017,5L041027
000IABW053,000IA114,IA000039
000IAVT005,000IA162,IA000074
000IAVT006,000IA250,IA000118
020YUNI219,020YU002,YU020604
010YKNI046,010YK024,YK010632
020YUNI115,020YU002,YU020604
020YUNI221,020YU002,YU020604
020YUNI256,020YU002,YU020604
020YUNI230,020YU001,YU020603
008OKNI091,008OK001,OK008601
020YUNI125,020YU002,YU020604
020YUNI201,020YU002,YU020604
012Y3NI131,012Y3001,Y3012604
000IABW123,000IA259,IA000121
020YUNI244,020YU002,YU020604
020YUNI305,020YU002,YU020604
020YUNI278,020YU002,YU020604
012Y3NI194,012Y3002,Y3012603
008OKNI077,008OK001,OK008601
020YUNI337,020YU006,YU020611
020YUNI293,020YU002,YU020604
012Y3NI185,012Y3002,Y3012603
012Y3NI206,012Y3001,Y3012604
020YUNI234,020YU001,YU020603
014OANI056,014OA002,OA014603
012Y1NI051,012Y1002,Y1012604
012Y3NI210,012Y3002,Y3012603
014OANI071,014OA002,OA014603
020YUNI202,020YU002,YU020604
014OANI050,014OA002,OA014603
012Y3NI214,012Y3001,Y3012604
012Y3NI136,012Y3002,Y3012603
014OANI065,014OA002,OA014603
020YUNI362,020YU006,YU020611
020YUNI374,020YU006,YU020611
020YUNI380,020YU006,YU020611
020YUNI122,020YU002,YU020604
020YUNI317,020YU001,YU020603
020YUNI321,020YU001,YU020603
008Y7NI035,008Y7001,Y7008602
012Y3NI230,012Y3001,Y3012604
012Y3NI233,012Y3001,Y3012604
014OLNI036,014OL001,OL014602
020YUNI248,020YU002,YU020604
012Y3NI241,012Y3001,Y3012604
020YUNI286,020YU002,YU020604
020YUNI187,020YU002,YU020604
012Y3NI143,012Y3001,Y3012604
008OKNI128,008OK001,OK008601
012Y3NI237,012Y3001,Y3012604
008OKNI130,008OK001,OK008601
020YUNI426,020YU002,YU020604
0086ANV233,0086A198,6A008272
012Y3NI183,012Y3001,Y3012604
020YUNI430,020YU002,YU020604
012Y3NI226,012Y3002,Y3012603
008OKNI125,008OK001,OK008601
012Y3NI248,012Y3001,Y3012604
008OKNI113,008OK001,OK008601
020YUNI207,020YU002,YU020604
020YUNI432,020YU002,YU020604
012Y3NI139,012Y3002,Y3012603
020YUNI158,020YU006,YU020611
012Y3NI245,012Y3002,Y3012603
008OKNI058,008OK001,OK008601
008OKNI041,008OK001,OK008601
020YUNI282,020YU006,YU020611
020YUNI315,020YU001,YU020603
008YKNI097,008YK046,YK008646
010YKNI049,010YK030,YK010633
012Y3NI132,012Y3001,Y3012604
024XWVG007,024XW019,XW024025
012Y3NI255,012Y3002,Y3012603
020YUNI117,020YU001,YU020603
020YUNI254,020YU002,YU020604
008OKNI110,008OK001,OK008601
008YZNI035,008YZ006,YZ008604
008OKNI081,008OK001,OK008601
008OKNI166,008OK001,OK008601
020YUNI301,020YU002,YU020604
012Y3NI212,012Y3002,Y3012603
016OFNI032,016OF001,OF016604
012Y3NI152,012Y3001,Y3012604
012Y3NI121,012Y3002,Y3012603
0086ANV247,0086A211,6A008293
024XJAB027,024XJ085,XJ024108
084RBAB002,084RB003,RB084003
078EABU012,078EA012,EA078014
048MABU066,048MA364,MA048150
008YZNI042,008YZ006,YZ008004
020YUNI307,020YU002,YU020604
012Y3NI188,012Y3001,Y3012604
012Y3NI261,012Y3002,Y3012603
008OKNI144,008OK001,OK008601
008OKNI038,008OK001,OK008601
0000SNV446,0086A212,6A008294
048TRNV123,048TR151,TR048159
0086ANV248,0086A212,6A008294
000IAQR042,000IA323,IA000117
0008WAB034,0008W330,8W000A01
054TNAB041,054TN110,TN054110
024MAAB023,024MA031,MA024032
008FGAS055,008FG038,FG008038
024XJAW024,024XJ069,XJ024082
020YUNI438,020YU002,YU020604
012Y3NI122,012Y3001,Y3012604
012Y3NI093,012Y3002,Y3012603
0445RCM001ENG,0445R002,5R044002
0008WCMA187ENG,0008WA476,8W000A01
162KECME25ENG,162KEE03ENG,KE162E21
008YQCME76ENG,008YQ212,YQ008245
048TWCME24ENG,048TW407,TW048E84
008YQCME92ENG,008YQ229,YQ008E94
048TPCM101ENG,048TP088ENG,TP048115
016D5CM066ENG,016D5041,D5016097
084UCCME22ENG,084UC178,CC084180
084UCCME38ENG,084UC209,CC084213
